{"size_ratio": 1.5, "clusters": [{"center": {"ra": 34.72043502982638, "dec": 57.11332221194131}, "sigma": 0.32086602293308597, "tau": 0.13147497974725653}, {"center": {"ra": 35.58092321780199, "dec": 57.16234986972048}, "sigma": 0.3079484761614114, "tau": 0.13602198467047896}]}